quadrant_zh,quadrant_zh-Hant,quadrant_en,quadrant_ja,quadrant_ko,mansion_zh,mansion_zh-Hant,mansion_en,mansion_ja,mansion_ko,xingguan_count,star_count
东方苍龙,東方蒼龍,Azure Dragon of the East,東方青龍,동방 청룡,角宿,角宿,Horn Mansion,角宿,각수,11,45
东方苍龙,東方蒼龍,Azure Dragon of the East,東方青龍,동방 청룡,亢宿,亢宿,Neck Mansion,亢宿,항수,7,22
东方苍龙,東方蒼龍,Azure Dragon of the East,東方青龍,동방 청룡,氐宿,氐宿,Root Mansion,氐宿,저수,11,54
东方苍龙,東方蒼龍,Azure Dragon of the East,東方青龍,동방 청룡,房宿,房宿,Room Mansion,房宿,방수,7,21
东方苍龙,東方蒼龍,Azure Dragon of the East,東方青龍,동방 청룡,心宿,心宿,Heart Mansion,心宿,심수,2,15
东方苍龙,東方蒼龍,Azure Dragon of the East,東方青龍,동방 청룡,尾宿,尾宿,Tail Mansion,尾宿,미수,5,21
东方苍龙,東方蒼龍,Azure Dragon of the East,東方青龍,동방 청룡,箕宿,箕宿,Winnowing Basket Mansion,箕宿,기수,3,8
北方玄武,北方玄武,Black Tortoise of the North,北方玄武,북방 현무,斗宿,斗宿,Dipper Mansion,斗宿,두수,10,62
北方玄武,北方玄武,Black Tortoise of the North,北方玄武,북방 현무,牛宿,牛宿,Ox Mansion,牛宿,우수,11,64
北方玄武,北方玄武,Black Tortoise of the North,北方玄武,북방 현무,女宿,女宿,Girl Mansion,女宿,여수,8,55
北方玄武,北方玄武,Black Tortoise of the North,北方玄武,북방 현무,虚宿,虛宿,Emptiness Mansion,虚宿,허수,10,34
北方玄武,北方玄武,Black Tortoise of the North,北方玄武,북방 현무,危宿,危宿,Rooftop Mansion,危宿,위수,10,56
北方玄武,北方玄武,Black Tortoise of the North,北方玄武,북방 현무,室宿,室宿,Encampment Mansion,室宿,실수,10,109
北方玄武,北方玄武,Black Tortoise of the North,北方玄武,북방 현무,壁宿,壁宿,Wall Mansion,壁宿,벽수,6,28
西方白虎,西方白虎,White Tiger of the West,西方白虎,서방 백호,奎宿,奎宿,Legs Mansion,奎宿,규수,9,45
西方白虎,西方白虎,White Tiger of the West,西方白虎,서방 백호,娄宿,婁宿,Bond Mansion,婁宿,루수,6,33
西方白虎,西方白虎,White Tiger of the West,西方白虎,서방 백호,胃宿,胃宿,Stomach Mansion,胃宿,위수,7,39
西方白虎,西方白虎,White Tiger of the West,西方白虎,서방 백호,昴宿,昴宿,Hairy Head Mansion,昴宿,묘수,9,47
西方白虎,西方白虎,White Tiger of the West,西方白虎,서방 백호,毕宿,畢宿,Net Mansion,畢宿,필수,14,92
西方白虎,西方白虎,White Tiger of the West,西方白虎,서방 백호,觜宿,觜宿,Turtle Beak Mansion,觜宿,자수,3,16
西方白虎,西方白虎,White Tiger of the West,西方白虎,서방 백호,参宿,參宿,Three Stars Mansion,参宿,삼수,6,25
南方朱雀,南方朱雀,Vermilion Bird of the South,南方朱雀,남방 주작,井宿,井宿,Well Mansion,井宿,정수,19,70
南方朱雀,南方朱雀,Vermilion Bird of the South,南方朱雀,남방 주작,鬼宿,鬼宿,Ghost Mansion,鬼宿,귀수,7,29
南方朱雀,南方朱雀,Vermilion Bird of the South,南方朱雀,남방 주작,柳宿,柳宿,Willow Mansion,柳宿,유수,2,11
南方朱雀,南方朱雀,Vermilion Bird of the South,南方朱雀,남방 주작,星宿,星宿,Star Mansion,星宿,성수,5,36
南方朱雀,南方朱雀,Vermilion Bird of the South,南方朱雀,남방 주작,张宿,張宿,Extended Net Mansion,張宿,장수,2,20
南方朱雀,南方朱雀,Vermilion Bird of the South,南方朱雀,남방 주작,翼宿,翼宿,Wings Mansion,翼宿,익수,2,27
南方朱雀,南方朱雀,Vermilion Bird of the South,南方朱雀,남방 주작,轸宿,軫宿,Chariot Mansion,軫宿,진수,5,52
