四方,宿,唐《开元占经》卷一百六,元《宋史·天文志》,明清以来（今通用）
东方苍龙,角宿,左角星,南星,角宿一（室女座 α）
东方苍龙,亢宿,西第二星,南第二星,亢宿一（室女座 κ）
东方苍龙,氐宿,西南星,未记,氐宿一（天秤座 α）
东方苍龙,房宿,西南第二星,南第二星,房宿一（天蝎座 π）
东方苍龙,心宿,前第一星,西第一星,心宿一（天蝎座 σ）
东方苍龙,尾宿,本第二星,西行从西第二星,尾宿一（天蝎座 μ¹）
东方苍龙,箕宿,西北星,西北第一星,箕宿一（人马座 γ）
北方玄武,斗宿,魁南第四星,魁第四星,斗宿一（人马座 φ）
北方玄武,牛宿,中央大星,中央大星,牛宿一（摩羯座 β）
北方玄武,女宿,未载,西南星,女宿一（宝瓶座 ε）
北方玄武,虚宿,南星,南星,虚宿一（宝瓶座 β）
北方玄武,危宿,西南星,南星,危宿一（宝瓶座 α）
北方玄武,室宿,南星,南星,室宿一（飞马座 α）
北方玄武,壁宿,南星,南星,壁宿一（飞马座 γ）
西方白虎,奎宿,西南大星,未记,奎宿一（仙女座 η）
西方白虎,娄宿,中央大星,中央大星,娄宿一（白羊座 β）
西方白虎,胃宿,未载,未记,胃宿一（白羊座 35）
西方白虎,昴宿,西南第一星,西南星,昴宿一（金牛座 17）
西方白虎,毕宿,左股第一星,毕口北星,毕宿一（金牛座 ε）
西方白虎,觜宿,西南星,西南星,觜宿一（猎户座 λ）
西方白虎,参宿,中央西星,未记,参宿一（猎户座 ζ）
南方朱雀,井宿,南辕西头,西北星,井宿一（双子座 μ）
南方朱雀,鬼宿,西南,西南星,鬼宿一（巨蟹座 θ）
南方朱雀,柳宿,西头第三星,西头第三星,柳宿一（长蛇座 δ）
南方朱雀,星宿,中央大星,大星,星宿一（长蛇座 α）
南方朱雀,张宿,前第一星,西第二星,张宿一（长蛇座 υ¹）
南方朱雀,翼宿,中央西星,中行西第二星,翼宿一（巨爵座 α）
南方朱雀,轸宿,西北星,未记,轸宿一（乌鸦座 γ）
