group_zh,term_zh,term_en,zh_page_term_zh,zh_page_term_en,en_page_term_zh,en_page_term_en,match
一 · 历法・历算,历法,calendar / calendrical system,历法,calendar / calendrical system,历法,calendar / calendrical system,一致
一 · 历法・历算,阴阳合历,lunisolar calendar,阴阳合历,lunisolar calendar,阴阳合历,lunisolar calendar,一致
一 · 历法・历算,阳历,solar calendar,阳历,solar calendar,阳历,solar calendar,一致
一 · 历法・历算,阴历,lunar calendar,阴历,lunar calendar,阴历,lunar calendar,一致
一 · 历法・历算,历书,almanac,历书,almanac,历书,almanac,一致
一 · 历法・历算,历日,calendrical day,历日,calendrical day,历日,calendrical day,一致
一 · 历法・历算,历注,calendrical annotation,历注,calendrical annotation,历注,calendrical annotation,一致
一 · 历法・历算,历元,calendar epoch,历元,calendar epoch,历元,calendar epoch,一致
一 · 历法・历算,上元,grand epoch,上元,grand epoch,上元,grand epoch,一致
一 · 历法・历算,上元积年,years from the grand epoch,上元积年,years from the grand epoch,上元积年,years from the grand epoch,一致
一 · 历法・历算,岁实,length of the tropical year,岁实,length of the tropical year,岁实,length of the tropical year,一致
一 · 历法・历算,朔策,length of the synodic month,朔策,length of the synodic month,朔策,length of the synodic month,一致
一 · 历法・历算,岁周,sidereal year,岁周,sidereal year,岁周,sidereal year,一致
一 · 历法・历算,岁实消长,variation of the tropical year,岁实消长,variation of the tropical year,岁实消长,variation of the tropical year,一致
一 · 历法・历算,日法,day divisor,日法,day divisor,日法,day divisor,一致
一 · 历法・历算,调日法,method of adjusting the day divisor,调日法,method of adjusting the day divisor,调日法,method of adjusting the day divisor,一致
一 · 历法・历算,强弱率,strong and weak rates,强弱率,strong and weak rates,强弱率,strong and weak rates,一致
一 · 历法・历算,内插法,interpolation,内插法,interpolation,内插法,interpolation,一致
一 · 历法・历算,大余・小余,integer and fraction of a count,大余・小余,integer and fraction of a count,大余・小余,integer and fraction of a count,一致
一 · 历法・历算,通法,common divisor,通法,common divisor,通法,common divisor,一致
二 · 岁首・月建・置闰,岁首,year-beginning,岁首,year-beginning,岁首,year-beginning,一致
二 · 岁首・月建・置闰,正朔,the first month and the first day,正朔,the first month and the first day,正朔,the first month and the first day,一致
二 · 岁首・月建・置闰,改正朔,to correct the first month and day,改正朔,to correct the first month and day,改正朔,to correct the first month and day,一致
二 · 岁首・月建・置闰,斗建／月建,doujian / yuejian,斗建／月建,doujian / yuejian,斗建／月建,doujian / yuejian,一致
二 · 岁首・月建・置闰,建正,jianzheng,建正,jianzheng,建正,jianzheng,一致
二 · 岁首・月建・置闰,三正,san zheng,三正,san zheng,三正,san zheng,一致
二 · 岁首・月建・置闰,孟仲季,"meng, zhong, ji",孟仲季,"meng, zhong, ji",孟仲季,"meng, zhong, ji",一致
二 · 岁首・月建・置闰,月序,the order of the months,月序,the order of the months,月序,the order of the months,一致
二 · 岁首・月建・置闰,朔旦冬至,the conjunction at the winter solstice,朔旦冬至,the conjunction at the winter solstice,朔旦冬至,the conjunction at the winter solstice,一致
二 · 岁首・月建・置闰,闰月,intercalary month,闰月,intercalary month,闰月,intercalary month,一致
二 · 岁首・月建・置闰,闰周,intercalation cycle,闰周,intercalation cycle,闰周,intercalation cycle,一致
二 · 岁首・月建・置闰,章,zhang,章,zhang,章,zhang,一致
二 · 岁首・月建・置闰,十九年七闰,the nineteen-year cycle,十九年七闰,the nineteen-year cycle,十九年七闰,the nineteen-year cycle,一致
二 · 岁首・月建・置闰,十三月,the thirteenth month,十三月,the thirteenth month,十三月,the thirteenth month,一致
二 · 岁首・月建・置闰,无中气置闰,intercalating the month without a mid-term,无中气置闰,intercalating the month without a mid-term,无中气置闰,intercalating the month without a mid-term,一致
二 · 岁首・月建・置闰,置闰法,the rule of intercalation,置闰法,the rule of intercalation,置闰法,the rule of intercalation,一致
三 · 节气・物候,二十四节气,the Twenty-Four Solar Terms,二十四节气,the Twenty-Four Solar Terms,二十四节气,the Twenty-Four Solar Terms,一致
三 · 节气・物候,节,node (major solar term),节,node (major solar term),节,node (major solar term),一致
三 · 节气・物候,中气／气,breath (mid-term),中气／气,breath (mid-term),中气／气,breath (mid-term),一致
三 · 节气・物候,交节时刻,instant of a solar term,交节时刻,instant of a solar term,交节时刻,instant of a solar term,一致
三 · 节气・物候,黄经,solar longitude,黄经,solar longitude,黄经,solar longitude,一致
三 · 节气・物候,分至启闭,the eight principal terms,分至启闭,the eight principal terms,分至启闭,the eight principal terms,一致
三 · 节气・物候,平气,mean solar term,平气,mean solar term,平气,mean solar term,一致
三 · 节气・物候,定气,true solar term,定气,true solar term,定气,true solar term,一致
三 · 节气・物候,候／物候,phenological period,候／物候,phenological period,候／物候,phenological period,一致
三 · 节气・物候,候应,phenological sign,候应,phenological sign,候应,phenological sign,一致
三 · 节气・物候,七十二候,the seventy-two periods,七十二候,the seventy-two periods,七十二候,the seventy-two periods,一致
三 · 节气・物候,启蛰,awakening of the dormant,启蛰,awakening of the dormant,启蛰,awakening of the dormant,一致
三 · 节气・物候,月令,monthly ordinances,月令,monthly ordinances,月令,monthly ordinances,一致
三 · 节气・物候,三伏,the three fu,三伏,the three fu,三伏,the three fu,一致
三 · 节气・物候,九九,the nine nines,九九,the nine nines,九九,the nine nines,一致
三 · 节气・物候,社日,the day of the earth god,社日,the day of the earth god,社日,the day of the earth god,一致
三 · 节气・物候,节气注历,solar terms entered in the almanac,节气注历,solar terms entered in the almanac,节气注历,solar terms entered in the almanac,一致
四 · 纪日・纪年・时刻,干支,ganzhi / stem-branch,干支,ganzhi / stem-branch,干支,ganzhi / stem-branch,一致
四 · 纪日・纪年・时刻,天干,heavenly stems,天干,heavenly stems,天干,heavenly stems,一致
四 · 纪日・纪年・时刻,地支,earthly branches,地支,earthly branches,地支,earthly branches,一致
四 · 纪日・纪年・时刻,六十甲子,the sixty-day cycle,六十甲子,the sixty-day cycle,六十甲子,the sixty-day cycle,一致
四 · 纪日・纪年・时刻,干支纪日,ganzhi day-count,干支纪日,ganzhi day-count,干支纪日,ganzhi day-count,一致
四 · 纪日・纪年・时刻,干支纪年,ganzhi year-count,干支纪年,ganzhi year-count,干支纪年,ganzhi year-count,一致
四 · 纪日・纪年・时刻,旬,the ten-day week,旬,the ten-day week,旬,the ten-day week,一致
四 · 纪日・纪年・时刻,年号纪年,reign-title dating,年号纪年,reign-title dating,年号纪年,reign-title dating,一致
四 · 纪日・纪年・时刻,岁星纪年,Jupiter year-reckoning,岁星纪年,Jupiter year-reckoning,岁星纪年,Jupiter year-reckoning,一致
四 · 纪日・纪年・时刻,太岁纪年,counter-Jupiter year-reckoning,太岁纪年,counter-Jupiter year-reckoning,太岁纪年,counter-Jupiter year-reckoning,一致
四 · 纪日・纪年・时刻,十二次,the Twelve Jupiter Stations,十二次,the Twelve Jupiter Stations,十二次,the Twelve Jupiter Stations,一致
四 · 纪日・纪年・时刻,十二辰,the twelve earthly stations,十二辰,the twelve earthly stations,十二辰,the twelve earthly stations,一致
四 · 纪日・纪年・时刻,摄提格,shetige,摄提格,shetige,摄提格,shetige,一致
四 · 纪日・纪年・时刻,岁阳,the ten year-names,岁阳,the ten year-names,岁阳,the ten year-names,一致
四 · 纪日・纪年・时刻,超辰,the leap of the year station,超辰,the leap of the year station,超辰,the leap of the year station,一致
四 · 纪日・纪年・时刻,分野,field-allocation,分野,field-allocation,分野,field-allocation,一致
四 · 纪日・纪年・时刻,时辰,the double-hour (shichen),时辰,the double-hour (shichen),时辰,the double-hour (shichen),一致
四 · 纪日・纪年・时刻,更,the night watch,更,the night watch,更,the night watch,一致
四 · 纪日・纪年・时刻,点,the point,点,the point,点,the point,一致
四 · 纪日・纪年・时刻,刻,the quarter (ke),刻,the quarter (ke),刻,the quarter (ke),一致
四 · 纪日・纪年・时刻,二十四时,the twenty-four hours,二十四时,the twenty-four hours,二十四时,the twenty-four hours,一致
四 · 纪日・纪年・时刻,漏刻,the water clock,漏刻,the water clock,漏刻,the water clock,一致
五 · 朔望・月相・交食,朔,new moon,朔,new moon,朔,new moon,一致
五 · 朔望・月相・交食,望,full moon,望,full moon,望,full moon,一致
五 · 朔望・月相・交食,上弦／下弦,first / last quarter,上弦／下弦,first / last quarter,上弦／下弦,first / last quarter,一致
五 · 朔望・月相・交食,晦,the last day of the month,晦,the last day of the month,晦,the last day of the month,一致
五 · 朔望・月相・交食,胐,fei,胐,fei,胐,fei,一致
五 · 朔望・月相・交食,既生霸／既死霸,after the birth / after the death of the light,既生霸／既死霸,after the birth / after the death of the light,既生霸／既死霸,after the birth / after the death of the light,一致
五 · 朔望・月相・交食,定朔,true new moon,定朔,true new moon,定朔,true new moon,一致
五 · 朔望・月相・交食,平朔,mean new moon,平朔,mean new moon,平朔,mean new moon,一致
五 · 朔望・月相・交食,经朔,the mean conjunction,经朔,the mean conjunction,经朔,the mean conjunction,一致
五 · 朔望・月相・交食,月离,the moon’s motion,月离,the moon’s motion,月离,the moon’s motion,一致
五 · 朔望・月相・交食,入转,entry into the anomalistic cycle,入转,entry into the anomalistic cycle,入转,entry into the anomalistic cycle,一致
五 · 朔望・月相・交食,迟疾,slowness and swiftness,迟疾,slowness and swiftness,迟疾,slowness and swiftness,一致
五 · 朔望・月相・交食,交食,eclipse,交食,eclipse,交食,eclipse,一致
五 · 朔望・月相・交食,日食,solar eclipse,日食,solar eclipse,日食,solar eclipse,一致
五 · 朔望・月相・交食,月食,lunar eclipse,月食,lunar eclipse,月食,lunar eclipse,一致
五 · 朔望・月相・交食,入交,entry into the node,入交,entry into the node,入交,entry into the node,一致
五 · 朔望・月相・交食,食分,magnitude of an eclipse,食分,magnitude of an eclipse,食分,magnitude of an eclipse,一致
六 · 星空・坐标・测量,黄道,ecliptic,黄道,ecliptic,黄道,ecliptic,一致
六 · 星空・坐标・测量,白道,lunar path,白道,lunar path,白道,lunar path,一致
六 · 星空・坐标・测量,赤道,celestial equator,赤道,celestial equator,赤道,celestial equator,一致
六 · 星空・坐标・测量,黄赤交角,obliquity of the ecliptic,黄赤交角,obliquity of the ecliptic,黄赤交角,obliquity of the ecliptic,一致
六 · 星空・坐标・测量,三垣,the Three Enclosures,三垣,the Three Enclosures,三垣,the Three Enclosures,一致
六 · 星空・坐标・测量,二十八宿,the Twenty-Eight Mansions,二十八宿,the Twenty-Eight Mansions,二十八宿,the Twenty-Eight Mansions,一致
六 · 星空・坐标・测量,距星,determinative star,距星,determinative star,距星,determinative star,一致
六 · 星空・坐标・测量,距度,extent of a mansion,距度,extent of a mansion,距度,extent of a mansion,一致
六 · 星空・坐标・测量,去极度,polar distance,去极度,polar distance,去极度,polar distance,一致
六 · 星空・坐标・测量,入宿度,mansion entry,入宿度,mansion entry,入宿度,mansion entry,一致
六 · 星空・坐标・测量,四象,the Four Images,四象,the Four Images,四象,the Four Images,一致
六 · 星空・坐标・测量,岁差,precession,岁差,precession,岁差,precession,一致
六 · 星空・坐标・测量,中星,culminating star,中星,culminating star,中星,culminating star,一致
六 · 星空・坐标・测量,昏旦中星,the culminating star at dusk and dawn,昏旦中星,the culminating star at dusk and dawn,昏旦中星,the culminating star at dusk and dawn,一致
六 · 星空・坐标・测量,日躔,the sun’s course,日躔,the sun’s course,日躔,the sun’s course,一致
六 · 星空・坐标・测量,昏见・晨见,heliacal rising and setting,昏见・晨见,heliacal rising and setting,昏见・晨见,heliacal rising and setting,一致
六 · 星空・坐标・测量,度,degree,度,degree,度,degree,一致
六 · 星空・坐标・测量,分,subdivisions of a degree,分,subdivisions of a degree,分,subdivisions of a degree,一致
六 · 星空・坐标・测量,子午,the meridian,子午,the meridian,子午,the meridian,一致
六 · 星空・坐标・测量,地平,the horizon,地平,the horizon,地平,the horizon,一致
六 · 星空・坐标・测量,恒星,fixed star,恒星,fixed star,恒星,fixed star,一致
六 · 星空・坐标・测量,行星,planet,行星,planet,行星,planet,一致
六 · 星空・坐标・测量,星等,magnitude,星等,magnitude,星等,magnitude,一致
六 · 星空・坐标・测量,视星等,apparent magnitude,视星等,apparent magnitude,视星等,apparent magnitude,一致
六 · 星空・坐标・测量,绝对星等,absolute magnitude,绝对星等,absolute magnitude,绝对星等,absolute magnitude,一致
七 · 仪器・星官・星图,浑仪,armillary sphere,浑仪,armillary sphere,浑仪,armillary sphere,一致
七 · 仪器・星官・星图,浑象,celestial globe,浑象,celestial globe,浑象,celestial globe,一致
七 · 仪器・星官・星图,圭表,gnomon and shadow-measurer,圭表,gnomon and shadow-measurer,圭表,gnomon and shadow-measurer,一致
七 · 仪器・星官・星图,晷影,the shadow cast,晷影,the shadow cast,晷影,the shadow cast,一致
七 · 仪器・星官・星图,日晷,sundial,日晷,sundial,日晷,sundial,一致
七 · 仪器・星官・星图,星官,star official,星官,star official,星官,star official,一致
七 · 仪器・星官・星图,中官／五宫,the central palace / the five palaces,中官／五宫,the central palace / the five palaces,中官／五宫,the central palace / the five palaces,一致
七 · 仪器・星官・星图,三垣二十八宿,the three enclosures and the twenty-eight mansions,三垣二十八宿,the three enclosures and the twenty-eight mansions,三垣二十八宿,the three enclosures and the twenty-eight mansions,一致
七 · 仪器・星官・星图,陈卓定纪,Chen Zhuo’s settlement,陈卓定纪,Chen Zhuo’s settlement,陈卓定纪,Chen Zhuo’s settlement,一致
七 · 仪器・星官・星图,星图,star chart,星图,star chart,星图,star chart,一致
七 · 仪器・星官・星图,九野,the nine fields,九野,the nine fields,九野,the nine fields,一致
七 · 仪器・星官・星图,禽星,animal star,禽星,animal star,禽星,animal star,一致
七 · 仪器・星官・星图,灵台,the numinous observatory,灵台,the numinous observatory,灵台,the numinous observatory,一致
八 · 历法沿革・行用,改历,calendar reform,改历,calendar reform,改历,calendar reform,一致
八 · 历法沿革・行用,颁历,promulgating the calendar,颁历,promulgating the calendar,颁历,promulgating the calendar,一致
八 · 历法沿革・行用,私历,private almanac,私历,private almanac,私历,private almanac,一致
八 · 历法沿革・行用,历禁,the ban on calendars,历禁,the ban on calendars,历禁,the ban on calendars,一致
八 · 历法沿革・行用,农历（夏历）,the agricultural calendar (Xia calendar),农历（夏历）,the agricultural calendar (Xia calendar),农历（夏历）,the agricultural calendar (Xia calendar),一致
八 · 历法沿革・行用,黄历／通书,the popular almanac,黄历／通书,the popular almanac,黄历／通书,the popular almanac,一致
八 · 历法沿革・行用,时宪书,the Shixian almanac,时宪书,the Shixian almanac,时宪书,the Shixian almanac,一致
八 · 历法沿革・行用,正史历志,the calendrical chapters of the standard histories,正史历志,the calendrical chapters of the standard histories,正史历志,the calendrical chapters of the standard histories,一致
八 · 历法沿革・行用,太史令,the Grand Astrologer,太史令,the Grand Astrologer,太史令,the Grand Astrologer,一致
八 · 历法沿革・行用,司天监,the Astrological Observatory,司天监,the Astrological Observatory,司天监,the Astrological Observatory,一致
八 · 历法沿革・行用,钦天监,the Imperial Observatory,钦天监,the Imperial Observatory,钦天监,the Imperial Observatory,一致
八 · 历法沿革・行用,畴人,the hereditary calendrical astronomer,畴人,the hereditary calendrical astronomer,畴人,the hereditary calendrical astronomer,一致
八 · 历法沿革・行用,保章氏,the Office of the Starry Signs,保章氏,the Office of the Starry Signs,保章氏,the Office of the Starry Signs,一致
八 · 历法沿革・行用,冯相氏,the Office of the Heavenly Order,冯相氏,the Office of the Heavenly Order,冯相氏,the Office of the Heavenly Order,一致
九 · 五星・行星天象,五星／五纬,the five planets,五星／五纬,the five planets,五星／五纬,the five planets,一致
九 · 五星・行星天象,岁星,the Year Star (Jupiter),岁星,the Year Star (Jupiter),岁星,the Year Star (Jupiter),一致
九 · 五星・行星天象,荧惑,the Shimmering Deceiver (Mars),荧惑,the Shimmering Deceiver (Mars),荧惑,the Shimmering Deceiver (Mars),一致
九 · 五星・行星天象,太白,the Great White (Venus),太白,the Great White (Venus),太白,the Great White (Venus),一致
九 · 五星・行星天象,辰星,the Chronal Star (Mercury),辰星,the Chronal Star (Mercury),辰星,the Chronal Star (Mercury),一致
九 · 五星・行星天象,镇星／填星,the Garrison Star (Saturn),镇星／填星,the Garrison Star (Saturn),镇星／填星,the Garrison Star (Saturn),一致
九 · 五星・行星天象,合,conjunction,合,conjunction,合,conjunction,一致
九 · 五星・行星天象,冲,opposition,冲,opposition,冲,opposition,一致
九 · 五星・行星天象,留,stationary point,留,stationary point,留,stationary point,一致
九 · 五星・行星天象,逆行,retrogradation,逆行,retrogradation,逆行,retrogradation,一致
九 · 五星・行星天象,伏,disappearance in the sun’s light,伏,disappearance in the sun’s light,伏,disappearance in the sun’s light,一致
九 · 五星・行星天象,犯,encroachment,犯,encroachment,犯,encroachment,一致
九 · 五星・行星天象,守,prolonged stay,守,prolonged stay,守,prolonged stay,一致
十 · 三垣・拱极星区,紫微垣,Purple Forbidden Enclosure,紫微垣,Purple Forbidden Enclosure,紫微垣,Purple Forbidden Enclosure,一致
十 · 三垣・拱极星区,太微垣,Supreme Subtlety Enclosure,太微垣,Supreme Subtlety Enclosure,太微垣,Supreme Subtlety Enclosure,一致
十 · 三垣・拱极星区,天市垣,Celestial Market Enclosure,天市垣,Celestial Market Enclosure,天市垣,Celestial Market Enclosure,一致
十 · 三垣・拱极星区,北斗,the Big Dipper,北斗,the Big Dipper,北斗,the Big Dipper,一致
十 · 三垣・拱极星区,北斗七星,the seven stars of the Big Dipper,北斗七星,the seven stars of the Big Dipper,北斗七星,the seven stars of the Big Dipper,一致
十 · 三垣・拱极星区,北极星,the pole star,北极星,the pole star,北极星,the pole star,一致
十 · 三垣・拱极星区,天极,the celestial pole,天极,the celestial pole,天极,the celestial pole,一致
十 · 三垣・拱极星区,拱极星,circumpolar star,拱极星,circumpolar star,拱极星,circumpolar star,一致
十一 · 四象・二十八宿,苍龙,Azure Dragon,苍龙,Azure Dragon,苍龙,Azure Dragon,一致
十一 · 四象・二十八宿,角宿,Horn,角宿,Horn,角宿,Horn,一致
十一 · 四象・二十八宿,亢宿,Neck,亢宿,Neck,亢宿,Neck,一致
十一 · 四象・二十八宿,氐宿,Root,氐宿,Root,氐宿,Root,一致
十一 · 四象・二十八宿,房宿,Room,房宿,Room,房宿,Room,一致
十一 · 四象・二十八宿,心宿,Heart,心宿,Heart,心宿,Heart,一致
十一 · 四象・二十八宿,尾宿,Tail,尾宿,Tail,尾宿,Tail,一致
十一 · 四象・二十八宿,箕宿,Winnowing-basket,箕宿,Winnowing-basket,箕宿,Winnowing-basket,一致
十一 · 四象・二十八宿,玄武,Dark Warrior,玄武,Dark Warrior,玄武,Dark Warrior,一致
十一 · 四象・二十八宿,斗宿,Dipper,斗宿,Dipper,斗宿,Dipper,一致
十一 · 四象・二十八宿,牛宿,Ox,牛宿,Ox,牛宿,Ox,一致
十一 · 四象・二十八宿,女宿,Girl,女宿,Girl,女宿,Girl,一致
十一 · 四象・二十八宿,虚宿,Void,虚宿,Void,虚宿,Void,一致
十一 · 四象・二十八宿,危宿,Rooftop,危宿,Rooftop,危宿,Rooftop,一致
十一 · 四象・二十八宿,室宿,Encampment,室宿,Encampment,室宿,Encampment,一致
十一 · 四象・二十八宿,壁宿,Wall,壁宿,Wall,壁宿,Wall,一致
十一 · 四象・二十八宿,白虎,White Tiger,白虎,White Tiger,白虎,White Tiger,一致
十一 · 四象・二十八宿,奎宿,Legs,奎宿,Legs,奎宿,Legs,一致
十一 · 四象・二十八宿,娄宿,Bond,娄宿,Bond,娄宿,Bond,一致
十一 · 四象・二十八宿,胃宿,Stomach,胃宿,Stomach,胃宿,Stomach,一致
十一 · 四象・二十八宿,昴宿,Pliades,昴宿,Pliades,昴宿,Pliades,一致
十一 · 四象・二十八宿,毕宿,Net,毕宿,Net,毕宿,Net,一致
十一 · 四象・二十八宿,觜宿,Mouth,觜宿,Mouth,觜宿,Mouth,一致
十一 · 四象・二十八宿,参宿,Triads,参宿,Triads,参宿,Triads,一致
十一 · 四象・二十八宿,朱雀,Vermilion Bird,朱雀,Vermilion Bird,朱雀,Vermilion Bird,一致
十一 · 四象・二十八宿,井宿,Well,井宿,Well,井宿,Well,一致
十一 · 四象・二十八宿,鬼宿,Ghost,鬼宿,Ghost,鬼宿,Ghost,一致
十一 · 四象・二十八宿,柳宿,Willow,柳宿,Willow,柳宿,Willow,一致
十一 · 四象・二十八宿,星宿,Seven Stars,星宿,Seven Stars,星宿,Seven Stars,一致
十一 · 四象・二十八宿,张宿,Extension,张宿,Extension,张宿,Extension,一致
十一 · 四象・二十八宿,翼宿,Wings,翼宿,Wings,翼宿,Wings,一致
十一 · 四象・二十八宿,轸宿,Chariot Platform,轸宿,Chariot Platform,轸宿,Chariot Platform,一致
十二 · 星名・星表・天河・宇宙论,浑天说,the theory of sphere-heavens,浑天说,the theory of sphere-heavens,浑天说,the theory of sphere-heavens,一致
十二 · 星名・星表・天河・宇宙论,盖天说,the heavenly-cover cosmology,盖天说,the heavenly-cover cosmology,盖天说,the heavenly-cover cosmology,一致
十二 · 星名・星表・天河・宇宙论,宣夜说,the theory of an infinite universe,宣夜说,the theory of an infinite universe,宣夜说,the theory of an infinite universe,一致
十二 · 星名・星表・天河・宇宙论,天球,the celestial sphere,天球,the celestial sphere,天球,the celestial sphere,一致
十二 · 星名・星表・天河・宇宙论,大火,Da Huo,大火,Da Huo,大火,Da Huo,一致
十二 · 星名・星表・天河・宇宙论,银河,the Milky Way,银河,the Milky Way,银河,the Milky Way,一致
十二 · 星名・星表・天河・宇宙论,《步天歌》,the Butian Ge,《步天歌》,the Butian Ge,《步天歌》,the Butian Ge,一致
十二 · 星名・星表・天河・宇宙论,《石氏星经》,the Star Classic of Master Shi,《石氏星经》,the Star Classic of Master Shi,《石氏星经》,the Star Classic of Master Shi,一致
十二 · 星名・星表・天河・宇宙论,观象台,the astronomical observatory,观象台,the astronomical observatory,观象台,the astronomical observatory,一致
十三 · 月相（今名）,新月,new moon,新月,new moon,新月,new moon,一致
十三 · 月相（今名）,蛾眉月,waxing crescent,蛾眉月,waxing crescent,蛾眉月,waxing crescent,一致
十三 · 月相（今名）,上弦月,first quarter,上弦月,first quarter,上弦月,first quarter,一致
十三 · 月相（今名）,盈凸月,waxing gibbous,盈凸月,waxing gibbous,盈凸月,waxing gibbous,一致
十三 · 月相（今名）,满月,full moon,满月,full moon,满月,full moon,一致
十三 · 月相（今名）,亏凸月,waning gibbous,亏凸月,waning gibbous,亏凸月,waning gibbous,一致
十三 · 月相（今名）,下弦月,last quarter,下弦月,last quarter,下弦月,last quarter,一致
十三 · 月相（今名）,残月,waning crescent,残月,waning crescent,残月,waning crescent,一致
十三 · 月相（今名）,月龄,moon’s age,月龄,moon’s age,月龄,moon’s age,一致
十四 · 年月周期与时制（今用）,回归年,tropical year,回归年,tropical year,回归年,tropical year,一致
十四 · 年月周期与时制（今用）,恒星年,sidereal year,恒星年,sidereal year,恒星年,sidereal year,一致
十四 · 年月周期与时制（今用）,近点年,anomalistic year,近点年,anomalistic year,近点年,anomalistic year,一致
十四 · 年月周期与时制（今用）,朔望月,synodic month,朔望月,synodic month,朔望月,synodic month,一致
十四 · 年月周期与时制（今用）,恒星月,sidereal month,恒星月,sidereal month,恒星月,sidereal month,一致
十四 · 年月周期与时制（今用）,近点月,anomalistic month,近点月,anomalistic month,近点月,anomalistic month,一致
十四 · 年月周期与时制（今用）,交点月,nodical month,交点月,nodical month,交点月,nodical month,一致
十四 · 年月周期与时制（今用）,太阳日,solar day,太阳日,solar day,太阳日,solar day,一致
十四 · 年月周期与时制（今用）,恒星日,sidereal day,恒星日,sidereal day,恒星日,sidereal day,一致
十四 · 年月周期与时制（今用）,真太阳时,apparent solar time,真太阳时,apparent solar time,真太阳时,apparent solar time,一致
十四 · 年月周期与时制（今用）,平太阳时,mean solar time,平太阳时,mean solar time,平太阳时,mean solar time,一致
十四 · 年月周期与时制（今用）,北京时间,Beijing time,北京时间,Beijing time,北京时间,Beijing time,一致
十四 · 年月周期与时制（今用）,世界时,universal time,世界时,universal time,世界时,universal time,一致
十四 · 年月周期与时制（今用）,恒星时,sidereal time,恒星时,sidereal time,恒星时,sidereal time,一致
十四 · 年月周期与时制（今用）,均时差,equation of time,均时差,equation of time,均时差,equation of time,一致
十五 · 十二时称,夜半,midnight,夜半,midnight,夜半,midnight,一致
十五 · 十二时称,鸡鸣,cock-crow,鸡鸣,cock-crow,鸡鸣,cock-crow,一致
十五 · 十二时称,平旦,daybreak,平旦,daybreak,平旦,daybreak,一致
十五 · 十二时称,日出,sunrise,日出,sunrise,日出,sunrise,一致
十五 · 十二时称,食时,breakfast time,食时,breakfast time,食时,breakfast time,一致
十五 · 十二时称,隅中,late morning,隅中,late morning,隅中,late morning,一致
十五 · 十二时称,日中,noon,日中,noon,日中,noon,一致
十五 · 十二时称,日昳,early afternoon,日昳,early afternoon,日昳,early afternoon,一致
十五 · 十二时称,晡时,late afternoon,晡时,late afternoon,晡时,late afternoon,一致
十五 · 十二时称,日入,sunset,日入,sunset,日入,sunset,一致
十五 · 十二时称,黄昏,dusk,黄昏,dusk,黄昏,dusk,一致
十五 · 十二时称,人定,night’s rest,人定,night’s rest,人定,night’s rest,一致
十六 · 坐标与中天（今用）,天赤道,celestial equator,天赤道,celestial equator,天赤道,celestial equator,一致
十六 · 坐标与中天（今用）,赤经,right ascension,赤经,right ascension,赤经,right ascension,一致
十六 · 坐标与中天（今用）,赤纬,declination,赤纬,declination,赤纬,declination,一致
十六 · 坐标与中天（今用）,黄纬,ecliptic latitude,黄纬,ecliptic latitude,黄纬,ecliptic latitude,一致
十六 · 坐标与中天（今用）,黄极,ecliptic pole,黄极,ecliptic pole,黄极,ecliptic pole,一致
十六 · 坐标与中天（今用）,赤极,pole of the equator,赤极,pole of the equator,赤极,pole of the equator,一致
十六 · 坐标与中天（今用）,中天,culmination,中天,culmination,中天,culmination,一致
十六 · 坐标与中天（今用）,天顶,zenith,天顶,zenith,天顶,zenith,一致
十六 · 坐标与中天（今用）,地平高度,altitude,地平高度,altitude,地平高度,altitude,一致
十七 · 特殊天象,彗星,comet,彗星,comet,彗星,comet,一致
十七 · 特殊天象,孛星,deluding star,孛星,deluding star,孛星,deluding star,一致
十七 · 特殊天象,客星,guest star,客星,guest star,客星,guest star,一致
十七 · 特殊天象,流星,meteor,流星,meteor,流星,meteor,一致
十七 · 特殊天象,陨石,meteorite,陨石,meteorite,陨石,meteorite,一致
十七 · 特殊天象,日珥,solar prominence,日珥,solar prominence,日珥,solar prominence,一致
十七 · 特殊天象,黑子,sunspot,黑子,sunspot,黑子,sunspot,一致
十八 · 仪象器用（补）,简仪,abridged armilla,简仪,abridged armilla,简仪,abridged armilla,一致
十八 · 仪象器用（补）,仰仪,upward-looking bowl sundial,仰仪,upward-looking bowl sundial,仰仪,upward-looking bowl sundial,一致
十八 · 仪象器用（补）,水运仪象台,water-driven astronomical clock tower,水运仪象台,water-driven astronomical clock tower,水运仪象台,water-driven astronomical clock tower,一致
十八 · 仪象器用（补）,漏壶,drip vessel,漏壶,drip vessel,漏壶,drip vessel,一致
十八 · 仪象器用（补）,土圭,gnomon shadow template,土圭,gnomon shadow template,土圭,gnomon shadow template,一致
十八 · 仪象器用（补）,圭尺,the graduated rule of the gnomon,圭尺,the graduated rule of the gnomon,圭尺,the graduated rule of the gnomon,一致
十八 · 仪象器用（补）,测影,shadow measurement,测影,shadow measurement,测影,shadow measurement,一致
十九 · 术数择日,建除十二神,the twelve day-officers,建除十二神,the twelve day-officers,建除十二神,the twelve day-officers,一致
十九 · 术数择日,黄黑道十二神,the twelve deities of the yellow and black paths,黄黑道十二神,the twelve deities of the yellow and black paths,黄黑道十二神,the twelve deities of the yellow and black paths,一致
十九 · 术数择日,六曜,the six luminaries,六曜,the six luminaries,六曜,the six luminaries,一致
十九 · 术数择日,冲煞,clash and the inauspicious direction,冲煞,clash and the inauspicious direction,冲煞,clash and the inauspicious direction,一致
十九 · 术数择日,宜忌,recommended and avoided activities,宜忌,recommended and avoided activities,宜忌,recommended and avoided activities,一致
十九 · 术数择日,神煞,day deities and omens,神煞,day deities and omens,神煞,day deities and omens,一致
十九 · 术数择日,天赦,Heavenly Pardon,天赦,Heavenly Pardon,天赦,Heavenly Pardon,一致
十九 · 术数择日,月德,Lunar Virtue,月德,Lunar Virtue,月德,Lunar Virtue,一致
十九 · 术数择日,天德,Heavenly Virtue,天德,Heavenly Virtue,天德,Heavenly Virtue,一致
十九 · 术数择日,四离,the four partings,四离,the four partings,四离,the four partings,一致
十九 · 术数择日,四绝,the four severances,四绝,the four severances,四绝,the four severances,一致
十九 · 术数择日,月破,month breach,月破,month breach,月破,month breach,一致
十九 · 术数择日,岁破,year breach,岁破,year breach,岁破,year breach,一致
十九 · 术数择日,六十甲子纳音,the nayin of the sixty-day cycle,六十甲子纳音,the nayin of the sixty-day cycle,六十甲子纳音,the nayin of the sixty-day cycle,一致
