term_zh,group_zh,列,源页（修订前）,本仓（修订后）,依据
干支,四 · 纪日・纪年・时刻,term_en,ganzhi / stem-branch,Sexagenary Cycle,承用户 2026-10-07 令：核心术语依李约瑟／席文西方科技史规范——「干支」统一作 Sexagenary Cycle、「岁差」作 Precession of the Equinoxes；禁用拼音直译（ganzhi／jiazi／Lichun…）与命理俗译（BaZi／Four Pillars…）。本仓 2026-09 首版所定的 stem-branch／sexagenary cycle 分工，经本次明文取代。
干支纪日,四 · 纪日・纪年・时刻,term_en,ganzhi day-count,Sexagenary Day-Count,承用户 2026-10-07 令：核心术语依李约瑟／席文西方科技史规范——「干支」统一作 Sexagenary Cycle、「岁差」作 Precession of the Equinoxes；禁用拼音直译（ganzhi／jiazi／Lichun…）与命理俗译（BaZi／Four Pillars…）。本仓 2026-09 首版所定的 stem-branch／sexagenary cycle 分工，经本次明文取代。
干支纪年,四 · 纪日・纪年・时刻,term_en,ganzhi year-count,Sexagenary Year-Count,承用户 2026-10-07 令：核心术语依李约瑟／席文西方科技史规范——「干支」统一作 Sexagenary Cycle、「岁差」作 Precession of the Equinoxes；禁用拼音直译（ganzhi／jiazi／Lichun…）与命理俗译（BaZi／Four Pillars…）。本仓 2026-09 首版所定的 stem-branch／sexagenary cycle 分工，经本次明文取代。
六十甲子,四 · 纪日・纪年・时刻,term_en,the sixty-day cycle,the Sixty Binomials of the Sexagenary Cycle,承用户 2026-10-07 令：核心术语依李约瑟／席文西方科技史规范——「干支」统一作 Sexagenary Cycle、「岁差」作 Precession of the Equinoxes；禁用拼音直译（ganzhi／jiazi／Lichun…）与命理俗译（BaZi／Four Pillars…）。本仓 2026-09 首版所定的 stem-branch／sexagenary cycle 分工，经本次明文取代。
六十甲子纳音,十九 · 术数择日,term_en,the nayin of the sixty-day cycle,the Nayin of the Sexagenary Cycle,承用户 2026-10-07 令：核心术语依李约瑟／席文西方科技史规范——「干支」统一作 Sexagenary Cycle、「岁差」作 Precession of the Equinoxes；禁用拼音直译（ganzhi／jiazi／Lichun…）与命理俗译（BaZi／Four Pillars…）。本仓 2026-09 首版所定的 stem-branch／sexagenary cycle 分工，经本次明文取代。
岁差,六 · 星空・坐标・测量,term_en,precession,Precession of the Equinoxes,承用户 2026-10-07 令：核心术语依李约瑟／席文西方科技史规范——「干支」统一作 Sexagenary Cycle、「岁差」作 Precession of the Equinoxes；禁用拼音直译（ganzhi／jiazi／Lichun…）与命理俗译（BaZi／Four Pillars…）。本仓 2026-09 首版所定的 stem-branch／sexagenary cycle 分工，经本次明文取代。
历书,一 · 历法・历算,def_en,the stem-branch pair,the sexagenary binomial,承用户 2026-10-07 令：核心术语依李约瑟／席文西方科技史规范——「干支」统一作 Sexagenary Cycle、「岁差」作 Precession of the Equinoxes；禁用拼音直译（ganzhi／jiazi／Lichun…）与命理俗译（BaZi／Four Pillars…）。本仓 2026-09 首版所定的 stem-branch／sexagenary cycle 分工，经本次明文取代。
历日,一 · 历法・历算,def_en,its stem-branch pair,its sexagenary binomial,承用户 2026-10-07 令：核心术语依李约瑟／席文西方科技史规范——「干支」统一作 Sexagenary Cycle、「岁差」作 Precession of the Equinoxes；禁用拼音直译（ganzhi／jiazi／Lichun…）与命理俗译（BaZi／Four Pillars…）。本仓 2026-09 首版所定的 stem-branch／sexagenary cycle 分工，经本次明文取代。
上元,一 · 历法・历算,def_en,a jiazi day,a chia-tzu day,承用户 2026-10-07 令：核心术语依李约瑟／席文西方科技史规范——「干支」统一作 Sexagenary Cycle、「岁差」作 Precession of the Equinoxes；禁用拼音直译（ganzhi／jiazi／Lichun…）与命理俗译（BaZi／Four Pillars…）。本仓 2026-09 首版所定的 stem-branch／sexagenary cycle 分工，经本次明文取代。
岁周,一 · 历法・历算,def_en,due to precession.,due to the precession of the equinoxes.,承用户 2026-10-07 令：核心术语依李约瑟／席文西方科技史规范——「干支」统一作 Sexagenary Cycle、「岁差」作 Precession of the Equinoxes；禁用拼音直译（ganzhi／jiazi／Lichun…）与命理俗译（BaZi／Four Pillars…）。本仓 2026-09 首版所定的 stem-branch／sexagenary cycle 分工，经本次明文取代。
大余・小余,一 · 历法・历算,def_en,yields the stem-branch day,yields the sexagenary day,承用户 2026-10-07 令：核心术语依李约瑟／席文西方科技史规范——「干支」统一作 Sexagenary Cycle、「岁差」作 Precession of the Equinoxes；禁用拼音直译（ganzhi／jiazi／Lichun…）与命理俗译（BaZi／Four Pillars…）。本仓 2026-09 首版所定的 stem-branch／sexagenary cycle 分工，经本次明文取代。
闰月,二 · 岁首・月建・置闰,def_en,bring the solar year and the lunar months,bring the tropical year and the synodic months,承用户 2026-10-07 令：核心术语依李约瑟／席文西方科技史规范——「干支」统一作 Sexagenary Cycle、「岁差」作 Precession of the Equinoxes；禁用拼音直译（ganzhi／jiazi／Lichun…）与命理俗译（BaZi／Four Pillars…）。本仓 2026-09 首版所定的 stem-branch／sexagenary cycle 分工，经本次明文取代。
章,二 · 岁首・月建・置闰,def_en,the lunar months and the solar years,the synodic months and the tropical years,承用户 2026-10-07 令：核心术语依李约瑟／席文西方科技史规范——「干支」统一作 Sexagenary Cycle、「岁差」作 Precession of the Equinoxes；禁用拼音直译（ganzhi／jiazi／Lichun…）与命理俗译（BaZi／Four Pillars…）。本仓 2026-09 首版所定的 stem-branch／sexagenary cycle 分工，经本次明文取代。
节,三 · 节气・物候,def_en,"Lichun, Jingzhe and the like","Beginning of Spring, Awakening of Insects and the like",承用户 2026-10-07 令：核心术语依李约瑟／席文西方科技史规范——「干支」统一作 Sexagenary Cycle、「岁差」作 Precession of the Equinoxes；禁用拼音直译（ganzhi／jiazi／Lichun…）与命理俗译（BaZi／Four Pillars…）。本仓 2026-09 首版所定的 stem-branch／sexagenary cycle 分工，经本次明文取代。
中气／气,三 · 节气・物候,def_en,"Yushui, Chunfen and the like","Rain Water, Spring Equinox and the like",承用户 2026-10-07 令：核心术语依李约瑟／席文西方科技史规范——「干支」统一作 Sexagenary Cycle、「岁差」作 Precession of the Equinoxes；禁用拼音直译（ganzhi／jiazi／Lichun…）与命理俗译（BaZi／Four Pillars…）。本仓 2026-09 首版所定的 stem-branch／sexagenary cycle 分工，经本次明文取代。
启蛰,三 · 节气・物候,def_en,now called Jingzhe,now called Awakening of Insects,承用户 2026-10-07 令：核心术语依李约瑟／席文西方科技史规范——「干支」统一作 Sexagenary Cycle、「岁差」作 Precession of the Equinoxes；禁用拼音直译（ganzhi／jiazi／Lichun…）与命理俗译（BaZi／Four Pillars…）。本仓 2026-09 首版所定的 stem-branch／sexagenary cycle 分工，经本次明文取代。
三伏,三 · 节气・物候,def_en,the third geng day,the third keng day,承用户 2026-10-07 令：核心术语依李约瑟／席文西方科技史规范——「干支」统一作 Sexagenary Cycle、「岁差」作 Precession of the Equinoxes；禁用拼音直译（ganzhi／jiazi／Lichun…）与命理俗译（BaZi／Four Pillars…）。本仓 2026-09 首版所定的 stem-branch／sexagenary cycle 分工，经本次明文取代。
三伏,三 · 节气・物候,def_en,reckoned by stem-branch days,reckoned by sexagenary days,承用户 2026-10-07 令：核心术语依李约瑟／席文西方科技史规范——「干支」统一作 Sexagenary Cycle、「岁差」作 Precession of the Equinoxes；禁用拼音直译（ganzhi／jiazi／Lichun…）与命理俗译（BaZi／Four Pillars…）。本仓 2026-09 首版所定的 stem-branch／sexagenary cycle 分工，经本次明文取代。
社日,三 · 节气・物候,def_en,by stem-branch days,by sexagenary days,承用户 2026-10-07 令：核心术语依李约瑟／席文西方科技史规范——「干支」统一作 Sexagenary Cycle、「岁差」作 Precession of the Equinoxes；禁用拼音直译（ganzhi／jiazi／Lichun…）与命理俗译（BaZi／Four Pillars…）。本仓 2026-09 首版所定的 stem-branch／sexagenary cycle 分工，经本次明文取代。
干支纪日,四 · 纪日・纪年・时刻,def_en,with a stem-branch pair,with a binomial of the sexagenary cycle,承用户 2026-10-07 令：核心术语依李约瑟／席文西方科技史规范——「干支」统一作 Sexagenary Cycle、「岁差」作 Precession of the Equinoxes；禁用拼音直译（ganzhi／jiazi／Lichun…）与命理俗译（BaZi／Four Pillars…）。本仓 2026-09 首版所定的 stem-branch／sexagenary cycle 分工，经本次明文取代。
干支纪年,四 · 纪日・纪年・时刻,def_en,with stem-branch pairs,with binomials of the sexagenary cycle,承用户 2026-10-07 令：核心术语依李约瑟／席文西方科技史规范——「干支」统一作 Sexagenary Cycle、「岁差」作 Precession of the Equinoxes；禁用拼音直译（ganzhi／jiazi／Lichun…）与命理俗译（BaZi／Four Pillars…）。本仓 2026-09 首版所定的 stem-branch／sexagenary cycle 分工，经本次明文取代。
超辰,四 · 纪日・纪年・时刻,def_en,the stem-branch count,the sexagenary count,承用户 2026-10-07 令：核心术语依李约瑟／席文西方科技史规范——「干支」统一作 Sexagenary Cycle、「岁差」作 Precession of the Equinoxes；禁用拼音直译（ganzhi／jiazi／Lichun…）与命理俗译（BaZi／Four Pillars…）。本仓 2026-09 首版所定的 stem-branch／sexagenary cycle 分工，经本次明文取代。
朔,五 · 朔望・月相・交食,def_en,the first of a lunar month,the first of a calendrical month,承用户 2026-10-07 令：核心术语依李约瑟／席文西方科技史规范——「干支」统一作 Sexagenary Cycle、「岁差」作 Precession of the Equinoxes；禁用拼音直译（ganzhi／jiazi／Lichun…）与命理俗译（BaZi／Four Pillars…）。本仓 2026-09 首版所定的 stem-branch／sexagenary cycle 分工，经本次明文取代。
晦,五 · 朔望・月相・交食,def_en,The final day of a lunar month,The final day of a calendrical month,承用户 2026-10-07 令：核心术语依李约瑟／席文西方科技史规范——「干支」统一作 Sexagenary Cycle、「岁差」作 Precession of the Equinoxes；禁用拼音直译（ganzhi／jiazi／Lichun…）与命理俗译（BaZi／Four Pillars…）。本仓 2026-09 首版所定的 stem-branch／sexagenary cycle 分工，经本次明文取代。
胐,五 · 朔望・月相・交食,def_en,The third day of a lunar month,The third day of a calendrical month,承用户 2026-10-07 令：核心术语依李约瑟／席文西方科技史规范——「干支」统一作 Sexagenary Cycle、「岁差」作 Precession of the Equinoxes；禁用拼音直译（ganzhi／jiazi／Lichun…）与命理俗译（BaZi／Four Pillars…）。本仓 2026-09 首版所定的 stem-branch／sexagenary cycle 分工，经本次明文取代。
六曜,十九 · 术数择日,def_en,adding the lunar month and day,adding the calendrical month and day,承用户 2026-10-07 令：核心术语依李约瑟／席文西方科技史规范——「干支」统一作 Sexagenary Cycle、「岁差」作 Precession of the Equinoxes；禁用拼音直译（ganzhi／jiazi／Lichun…）与命理俗译（BaZi／Four Pillars…）。本仓 2026-09 首版所定的 stem-branch／sexagenary cycle 分工，经本次明文取代。
天赦,十九 · 术数择日,def_en,"wuyin in spring, jiawu in summer, wushen in autumn and jiazi in winter","wu-yin in spring, chia-wu in summer, wu-shen in autumn and chia-tzu in winter",承用户 2026-10-07 令：核心术语依李约瑟／席文西方科技史规范——「干支」统一作 Sexagenary Cycle、「岁差」作 Precession of the Equinoxes；禁用拼音直译（ganzhi／jiazi／Lichun…）与命理俗译（BaZi／Four Pillars…）。本仓 2026-09 首版所定的 stem-branch／sexagenary cycle 分工，经本次明文取代。
六十甲子纳音,十九 · 术数择日,def_en,the sixty stem-and-branch combinations,the sixty binomials of the sexagenary cycle,承用户 2026-10-07 令：核心术语依李约瑟／席文西方科技史规范——「干支」统一作 Sexagenary Cycle、「岁差」作 Precession of the Equinoxes；禁用拼音直译（ganzhi／jiazi／Lichun…）与命理俗译（BaZi／Four Pillars…）。本仓 2026-09 首版所定的 stem-branch／sexagenary cycle 分工，经本次明文取代。
六十甲子纳音,十九 · 术数择日,def_en,jiazi and yichou,chia-tzu and i-ch'ou,承用户 2026-10-07 令：核心术语依李约瑟／席文西方科技史规范——「干支」统一作 Sexagenary Cycle、「岁差」作 Precession of the Equinoxes；禁用拼音直译（ganzhi／jiazi／Lichun…）与命理俗译（BaZi／Four Pillars…）。本仓 2026-09 首版所定的 stem-branch／sexagenary cycle 分工，经本次明文取代。
